Patient,ImagePath,Label,Age,Weeks,FVC,Sex,SmokingStatus,min_FVC,base_week,OOF_resnet34,OOF_squeezenet1_0,OOF_densenet121,image_name
ID00038637202182690843176,./images/ID00038637202182690843176.png,0,71,36,3846,Male,Ex-smoker,3946,30,0.0067357379011809,0.0989241898059845,0.0037968843244016,ID00038637202182690843176
ID00010637202177584971671,./images/ID00010637202177584971671.png,1,60,0,3523,Male,Ex-smoker,3523,0,0.546172142028809,0.0399943031370639,0.663621366024017,ID00010637202177584971671
ID00061637202188184085559,./images/ID00061637202188184085559.png,0,68,48,4128,Male,Ex-smoker,3969,25,0.914775252342224,0.0432073250412941,0.903589129447937,ID00061637202188184085559
