Patient,ImagePath,Label,Age,Weeks,FVC,Sex,SmokingStatus,min_FVC,base_week,OOF_resnet34,OOF_squeezenet1_0,OOF_densenet121,image_name
ID00010637202177584971671,./images/ID00010637202177584971671.png,1,60,5,2993,Male,Ex-smoker,3523,5,0.546172142028809,0.0399943031370639,0.663621366024017,ID00010637202177584971671
ID00038637202182690843176,./images/ID00038637202182690843176.png,0,71,24,3831,Male,Ex-smoker,3946,18,0.0067357379011809,0.0989241898059845,0.0037968843244016,ID00038637202182690843176
ID00010637202177584971671,./images/ID00010637202177584971671.png,1,60,13,3103,Male,Ex-smoker,3523,13,0.546172142028809,0.0399943031370639,0.663621366024017,ID00010637202177584971671
