Patient,ImagePath,Label,Age,Weeks,FVC,Sex,SmokingStatus,min_FVC,base_week,OOF_resnet34,OOF_squeezenet1_0,OOF_densenet121,image_name
ID00010637202177584971671,./preprocessed_images/ID00010637202177584971671.png,1,60.0,5,2993.0,Male,Ex-smoker,3523.0,5.0,0.5461721420288086,0.0399943031370639,0.6636213660240173,ID00010637202177584971671
ID00038637202182690843176,./preprocessed_images/ID00038637202182690843176.png,0,71.0,24,3831.0,Male,Ex-smoker,3946.0,18.0,0.0067357379011809,0.0989241898059845,0.0037968843244016,ID00038637202182690843176
ID00010637202177584971671,./preprocessed_images/ID00010637202177584971671.png,1,60.0,13,3103.0,Male,Ex-smoker,3523.0,13.0,0.5461721420288086,0.0399943031370639,0.6636213660240173,ID00010637202177584971671
